"spygen_code","Date","Country","Region","Site","Confinement","protection","protection_reglementation","least_dist_reserve","Time_start","Temporisation","duration","Volume_filtered","latitude_start_DD","longitude_start_DD","latitude_turn_DD","longitude_turn_DD","latitude_end_DD","longitude_end_DD","latitude_start_raw","longitude_start_raw","latitude_turn_raw","longitude_turn_raw","latitude_end_raw","longitude_end_raw","filter","mean_depth_transect","transect","method","depth","projet","Comments","Teleo","Mammifere","pkey","habitat_div","habitat_principal","declin_min","declin_mean","declin_max","cohesion_min","cohesion_mean","cohesion_max","min_bathy","mean_bathy","max_bathy","min_ag","mean_ag","max_ag","min_am","mean_am","max_am","min_aq","mean_aq","max_aq","min_co","mean_co","max_co","min_er","mean_er","max_er","min_in","mean_in","max_in","min_mo_ais","mean_mo_ais","max_mo_ais","min_mo_pp","mean_mo_pp","max_mo_pp","min_pe","mean_pe","max_pe","min_po","mean_po","max_po","min_re","mean_re","max_re","min_to","mean_to","max_to","min_tm","mean_tm","max_tm","dist_land","dist_ports","chloroDay","chloroWeek","chloroMonth","chloroYear","tempDay","tempWeek","tempMonth","tempYear"
"SPY180927","05/04/2018","France","Banyuls18","3","N","reserve",NA,0,"15:32",NA,"00:35",30,42.460386,3.167352,42.477763,3.159486,42.460705,3.174319,"42.460705","3.174319",NA,NA,NA,NA,0.2,35,"offshore","surface transect",1,"ReserveBenefits",NA,NA,NA,"SPY180927_3",7,"Fonds meubles circalittoraux",92.85714286,98.57142857,100,0,0,0,-41.58735657,-21.16747986,14.3348999,0.110746652,0.493766357,1,0,0.026005899,0.344525307,0,0,0,0,0,0,0,0.02864685,0.994889855,0,0,0,0,0,0,0,0.003928177,0.211198047,0,0.353825582,0.734627903,0,0.089031453,0.501598001,0,0.027000099,0.35514009,0,0.084023078,0.752401948,0.000430729,0.005980984,0.015625073,570.7573147,3480.446923,0.278508306,0.503376603,0.872598886,0.1726005,12.5621891,12.35858727,11.58194828,16.959232
"SPY180930","05/04/2018","France","Banyuls18","3","N","reserve",NA,0,"15:32",NA,"00:35",30,42.460386,3.167352,42.477763,3.159486,42.460705,3.174319,"42.460705","3.174319",NA,NA,NA,NA,0.2,35,"offshore","surface transect",1,"ReserveBenefits",NA,NA,NA,"SPY180930_3",7,"Fonds meubles circalittoraux",92.85714286,98.57142857,100,0,0,0,-41.58735657,-21.16747986,14.3348999,0.110746652,0.493766357,1,0,0.026005899,0.344525307,0,0,0,0,0,0,0,0.02864685,0.994889855,0,0,0,0,0,0,0,0.003928177,0.211198047,0,0.353825582,0.734627903,0,0.089031453,0.501598001,0,0.027000099,0.35514009,0,0.084023078,0.752401948,0.000430729,0.005980984,0.015625073,570.7573147,1173.609806,0.278508306,0.503376603,0.872598886,0.1726005,12.5621891,12.35858727,11.58194828,16.959232
"SPY180926","05/04/2018","Spain","Banyuls18","2","N","outside",NA,6.2,"14:23",NA,"00:33",30,42.401302,3.171352,42.418837,3.176927,42.40014,3.177743,"42.40014","3.177743",NA,NA,NA,NA,0.2,35,"offshore","surface transect",1,"ReserveBenefits",NA,NA,NA,"SPY180926_2",1,NA,NA,NA,NA,NA,NA,NA,-50.01728821,-35.38710625,-11.84057999,NA,NA,NA,NA,NA,NA,NA,NA,NA,NA,NA,NA,NA,NA,NA,NA,NA,NA,NA,NA,NA,NA,NA,NA,NA,NA,NA,NA,NA,NA,NA,NA,NA,NA,NA,NA,NA,NA,NA,686.4014202,3480.446923,0.278508306,0.575363696,2.261961222,0.165197333,12.8072319,12.26594448,11.61550903,16.94755933
"SPY180928","05/04/2018","Spain","Banyuls18","1","N","outside",NA,12.5,"13:12",NA,"00:36",30,42.349021,3.203946,42.359306,3.223369,42.352409,3.198707,"42.352409","3.198707",NA,NA,NA,NA,0.2,35,"offshore","surface transect",1,"ReserveBenefits",NA,NA,NA,"SPY180928_1",1,NA,NA,NA,NA,NA,NA,NA,-73.44823456,-42.2450367,0.31311515,NA,NA,NA,NA,NA,NA,NA,NA,NA,NA,NA,NA,NA,NA,NA,NA,NA,NA,NA,NA,NA,NA,NA,NA,NA,NA,NA,NA,NA,NA,NA,NA,NA,NA,NA,NA,NA,NA,NA,692.9125135,1122.289577,0.280009687,0.421039283,1.482290387,0.161439,12.97237682,12.22768021,11.65353012,16.976166
"SPY180929","05/04/2018","Spain","Banyuls18","1","N","outside",NA,12.5,"13:12",NA,"00:36",30,42.349021,3.203946,42.359306,3.223369,42.352409,3.198707,"42.352409","3.198707",NA,NA,NA,NA,0.2,35,"offshore","surface transect",1,"ReserveBenefits",NA,NA,NA,"SPY180929_1",1,NA,NA,NA,NA,NA,NA,NA,-73.44823456,-42.2450367,0.31311515,NA,NA,NA,NA,NA,NA,NA,NA,NA,NA,NA,NA,NA,NA,NA,NA,NA,NA,NA,NA,NA,NA,NA,NA,NA,NA,NA,NA,NA,NA,NA,NA,NA,NA,NA,NA,NA,NA,NA,692.9125135,1122.289577,0.280009687,0.421039283,1.482290387,0.161439,12.97237682,12.22768021,11.65353012,16.976166
"SPY180931","05/04/2018","Spain","Banyuls18","2","N","outside",NA,6.2,"14:23",NA,"00:33",30,42.401302,3.171352,42.418837,3.176927,42.40014,3.177743,"42.40014","3.177743",NA,NA,NA,NA,0.2,35,"offshore","surface transect",1,"ReserveBenefits",NA,NA,NA,"SPY180931_2",1,NA,NA,NA,NA,NA,NA,NA,-50.01728821,-35.38710625,-11.84057999,NA,NA,NA,NA,NA,NA,NA,NA,NA,NA,NA,NA,NA,NA,NA,NA,NA,NA,NA,NA,NA,NA,NA,NA,NA,NA,NA,NA,NA,NA,NA,NA,NA,NA,NA,NA,NA,NA,NA,686.4014202,1173.609806,0.278508306,0.575363696,2.261961222,0.165197333,12.8072319,12.26594448,11.61550903,16.94755933
"SPY180933","05/04/2018","Spain","Banyuls18","4","N","outside",NA,6.6,"16:42",NA,"00:31",30,42.517347,3.13962,42.520824,3.143142,42.528344,3.120328,"42.528344","3.120328",NA,NA,NA,NA,0.2,35,"offshore","surface transect",1,"ReserveBenefits",NA,NA,NA,"SPY180933_4",5,"Fonds meubles infralittoraux",NA,NA,NA,NA,NA,NA,-54.61265564,-34.13099614,0,0,0.142948941,0.670986235,0,0.02729177,0.370131731,0,0,0,0,0.001118031,0.047024485,0,0,0,0,0,0,0,0,0,0,0.066886714,0.851387203,0,0.321777593,0.727839708,0,0.019824516,0.318698645,0,0.006582219,0.207667425,0,0.015069487,0.501598001,0.0034076,0.019896525,0.048087962,580.5749674,3536.994147,0.278508306,0.52202487,1.065912008,0.179856,12.60327148,12.38934326,11.56037521,16.813183
"SPY180935","05/04/2018","Spain","Banyuls18","4","N","outside",NA,6.6,"16:42",NA,"00:31",30,42.517347,3.13962,42.520824,3.143142,42.528344,3.120328,"42.528344","3.120328",NA,NA,NA,NA,0.2,35,"offshore","surface transect",1,"ReserveBenefits",NA,NA,NA,"SPY180935_4",5,"Fonds meubles infralittoraux",NA,NA,NA,NA,NA,NA,-54.61265564,-34.13099614,0,0,0.142948941,0.670986235,0,0.02729177,0.370131731,0,0,0,0,0.001118031,0.047024485,0,0,0,0,0,0,0,0,0,0,0.066886714,0.851387203,0,0.321777593,0.727839708,0,0.019824516,0.318698645,0,0.006582219,0.207667425,0,0.015069487,0.501598001,0.0034076,0.019896525,0.048087962,580.5749674,3508.998137,0.278508306,0.52202487,1.065912008,0.179856,12.60327148,12.38934326,11.56037521,16.813183
"SPY180936","06/04/2018","Spain","Banyuls18","5","N","outside",NA,15.7,"10:06",NA,"00:35",30,42.570987,3.0496,42.588872,3.047725,42.571158,3.05692,"42.571158","3.05692",NA,NA,NA,NA,0.2,35,"offshore","surface transect",1,"ReserveBenefits",NA,NA,NA,"SPY180936_5",1,"Fonds meubles infralittoraux",NA,NA,NA,NA,NA,NA,-13.33760834,-5.13309577,0,0.489414096,0.765155546,1,0,0.033111276,0.133777291,0,0,0,0.313357949,0.53341617,0.782842994,0.007215157,0.465881946,1,0.04042419,0.398564849,0.952249527,0,0,0,0,0,0,0,0,0,0.141220137,0.375419367,0.752401948,0,0.039742028,0.183491662,0.445502639,0.736436086,1,9.35e-06,0.000416515,0.001207613,485.6882982,1915.060626,1.293518782,0.827630639,3.270341158,0.185244,13.00575638,12.40880585,11.49497318,16.8001695
"SPY180937","06/04/2018","Spain","Banyuls18","5","N","outside",NA,15.7,"10:06",NA,"00:35",30,42.570987,3.0496,42.588872,3.047725,42.571158,3.05692,"42.571158","3.05692",NA,NA,NA,NA,0.2,35,"offshore","surface transect",1,"ReserveBenefits",NA,NA,NA,"SPY180937_5",1,"Fonds meubles infralittoraux",NA,NA,NA,NA,NA,NA,-13.33760834,-5.13309577,0,0.489414096,0.765155546,1,0,0.033111276,0.133777291,0,0,0,0.313357949,0.53341617,0.782842994,0.007215157,0.465881946,1,0.04042419,0.398564849,0.952249527,0,0,0,0,0,0,0,0,0,0.141220137,0.375419367,0.752401948,0,0.039742028,0.183491662,0.445502639,0.736436086,1,9.35e-06,0.000416515,0.001207613,485.6882982,1915.060626,1.293518782,0.827630639,3.270341158,0.185244,13.00575638,12.40880585,11.49497318,16.8001695
"SPY181702","05/06/2018","France","PACA","carry-le-Rouet","N","reserve","Cantonnement de peche de Carry le Rouet",0,"14:27",NA,"00:30",30,43.328101,5.169124,43.326204,5.157189,43.326514,5.163236,"43.328101","5.169124",43.326204,5.157189,"43.326514","5.163236",0.2,5,"coastal","surface transect",1,"ReserveBenefits",NA,NA,NA,"SPY181702_carry-le-Rouet",6,"Biocenose de l herbier a Posidonia oceanica",0,1.641791045,100,0,86.28795391,100,-23.37969971,-3.33574175,22.29064369,0,0,0,0.194165424,0.571741885,1,0,0,0,0,0.000528627,0.02636411,0,0.094050733,0.501455367,0,0,0,0,0,0,0,0.121893897,0.762506783,0,0.193762376,0.750070572,0.311552614,0.569774843,0.752401948,0,0.033932308,0.248035029,0.010905284,0.311064734,0.751275718,0.00026889,0.0074393,0.011096892,109.1061113,1529.001256,0.282423675,0.218299106,0.270711511,0.6743055,21.02039528,20.6985836,18.16789436,17.4389515
"SPY181703","05/06/2018","France","PACA","carry-le-Rouet","N","outside",NA,10,"11:30",NA,"00:33",30,43.357043,5.28961,NA,NA,43.347535,5.274233,"43.357043","5.28961",NA,NA,"43.347535","5.274233",0.2,8,"coastal","surface transect",1,"ReserveBenefits",NA,NA,NA,"SPY181703_carry-le-Rouet",8,"Biocenose de l herbier a Posidonia oceanica",0,30.57376753,100,0,70.73761274,100,-32.78479767,10.92162506,115.0679855,0,0,0,0.288230479,0.663830172,1,0,0,0,0,0.007865257,0.090583555,0,0.108478525,1,0,0,0,0,0.005290596,0.237138495,0,0,0,0,0.14117713,0.730710804,0.17345722,0.607754986,1,0,0,0,0,0.061250325,0.501598001,1.82e-06,0.001962437,0.009603978,51.55344829,2717.125468,0.282423675,0.218299106,0.270216763,0.55059,21.16958618,20.64338112,18.10132217,17.449556
"SPY181704","05/06/2018","France","PACA","carry-le-Rouet","N","outside",NA,10,"10:40",NA,"00:30",30,43.346751,5.27374,NA,NA,43.356857,5.290247,"43.346751","5.27374",NA,NA,"43.356857","5.290247",0.2,8,"coastal","surface transect",1,"ReserveBenefits",NA,NA,NA,"SPY181704_carry-le-Rouet",8,"Biocenose de l herbier a Posidonia oceanica",0,33.90186266,100,0,67.41872248,100,-36.41936111,5.91193087,102.8985977,0,0,0,0.242552757,0.647830168,1,0,0,0,0,0.007414517,0.090583555,0,0.110616411,1,0,0,0,0,0.006647853,0.237595126,0,0,0,0,0.142662419,0.730710804,0.123620644,0.589306069,1,0,0,0,0,0.055765095,0.501598001,1.82e-06,0.002417241,0.011019754,48.12220744,2717.125468,0.282423675,0.218299106,0.270216763,0.55059,21.15793419,20.6360321,18.10006332,17.449556
"SPY181705","05/06/2018","France","PACA","carry-le-Rouet","N","reserve","Cantonnement de peche de Carry le Rouet",0,"15:15",NA,"00:30",30,43.326564,5.162342,43.326204,5.157189,43.327535,5.167778,"43.326564","5.162342",43.326204,5.157189,"43.327535","5.167778",0.2,5,"coastal","surface transect",1,"ReserveBenefits",NA,NA,NA,"SPY181705_carry-le-Rouet",5,"Biocenose de l herbier a Posidonia oceanica",0,2.365591398,100,0,87.76226274,100,-24.60227966,-4.054247816,22.29064369,0,0,0,0.209905356,0.58772515,1,0,0,0,0,0.000214622,0.023964919,0,0.077647185,0.501039624,0,0,0,0,0,0,0,0.031740095,0.286536396,0,0.16358389,0.750070572,0.301444352,0.574754101,0.752401948,0,0.047985396,0.248035029,0.0405748,0.327706364,0.751275718,0.000326924,0.008226336,0.011096892,111.9530709,2727.31113,0.282423675,0.218299106,0.272340864,0.6743055,20.9950943,20.6722374,18.15117455,17.4389515
"SPY181706","05/06/2018","France","PACA","carry-le-Rouet","N","outside",NA,10,"11:30",NA,"00:33",30,43.357043,5.28961,NA,NA,43.347535,5.274233,"43.357043","5.28961",NA,NA,"43.347535","5.274233",0.2,8,"coastal","surface transect",1,"ReserveBenefits",NA,NA,NA,"SPY181706_carry-le-Rouet",8,"Biocenose de l herbier a Posidonia oceanica",0,30.57376753,100,0,70.73761274,100,-32.78479767,10.92162506,115.0679855,0,0,0,0.288230479,0.663830172,1,0,0,0,0,0.007865257,0.090583555,0,0.108478525,1,0,0,0,0,0.005290596,0.237138495,0,0,0,0,0.14117713,0.730710804,0.17345722,0.607754986,1,0,0,0,0,0.061250325,0.501598001,1.82e-06,0.001962437,0.009603978,51.55344829,2727.31113,0.282423675,0.218299106,0.270216763,0.55059,21.16958618,20.64338112,18.10132217,17.449556
"SPY181707","05/06/2018","France","PACA","carry-le-Rouet","N","reserve","Cantonnement de peche de Carry le Rouet",0,"15:15",NA,"00:30",30,43.326564,5.162342,43.326204,5.157189,43.327535,5.167778,"43.326564","5.162342",43.326204,5.157189,"43.327535","5.167778",0.2,5,"coastal","surface transect",1,"ReserveBenefits",NA,NA,NA,"SPY181707_carry-le-Rouet",5,"Biocenose de l herbier a Posidonia oceanica",0,2.365591398,100,0,87.76226274,100,-24.60227966,-4.054247816,22.29064369,0,0,0,0.209905356,0.58772515,1,0,0,0,0,0.000214622,0.023964919,0,0.077647185,0.501039624,0,0,0,0,0,0,0,0.031740095,0.286536396,0,0.16358389,0.750070572,0.301444352,0.574754101,0.752401948,0,0.047985396,0.248035029,0.0405748,0.327706364,0.751275718,0.000326924,0.008226336,0.011096892,111.9530709,670.8639522,0.282423675,0.218299106,0.272340864,0.6743055,20.9950943,20.6722374,18.15117455,17.4389515
"SPY181709","05/06/2018","France","PACA","carry-le-Rouet","N","outside",NA,5,"12:30",NA,"00:31",30,43.331557,5.243485,NA,NA,43.328637,5.228447,"43.331557","5.243485",NA,NA,"43.328637","5.228447",0.2,10,"coastal","surface transect",1,"ReserveBenefits",NA,NA,NA,"SPY181709_carry-le-Rouet",7,"Fonds meubles circalittoraux",0,4.385964912,50,0,58.22873503,94.84642559,-59.49953842,-23.98138936,39.17318344,0,0,0,0,0.058683355,0.641069055,0,0,0,0,0.001845651,0.071695797,0,0,0,0,0,0,0,0,0,0,0.087490722,1,0,0.324969028,0.730296552,0,0.039045782,0.571264267,0,9.18e-06,0.02332277,0,0.004759296,0.229556262,0.003848691,0.009475573,0.013097337,37.72473339,682.7391122,0.282423675,0.218299106,0.264626682,0.576291,21.02228928,20.615242,18.08980942,17.469687
"SPY181710","05/06/2018","France","PACA","carry-le-Rouet","N","outside",NA,10,"10:40",NA,"00:30",30,43.346751,5.27374,NA,NA,43.356857,5.290247,"43.346751","5.27374",NA,NA,"43.356857","5.290247",0.2,8,"coastal","surface transect",1,"ReserveBenefits",NA,NA,NA,"SPY181710_carry-le-Rouet",8,"Biocenose de l herbier a Posidonia oceanica",0,33.90186266,100,0,67.41872248,100,-36.41936111,5.91193087,102.8985977,0,0,0,0.242552757,0.647830168,1,0,0,0,0,0.007414517,0.090583555,0,0.110616411,1,0,0,0,0,0.006647853,0.237595126,0,0,0,0,0.142662419,0.730710804,0.123620644,0.589306069,1,0,0,0,0,0.055765095,0.501598001,1.82e-06,0.002417241,0.011019754,48.12220744,682.7391122,0.282423675,0.218299106,0.270216763,0.55059,21.15793419,20.6360321,18.10006332,17.449556
"SPY181711","05/06/2018","France","PACA","carry-le-Rouet","N","outside",NA,5,"13:18",NA,"00:30",30,43.328215,5.228154,NA,NA,43.332175,5.243995,"43.328215","5.228154",NA,NA,"43.332175","5.243995",0.2,10,"coastal","surface transect",1,"ReserveBenefits",NA,NA,NA,"SPY181711_carry-le-Rouet",7,"Fonds meubles circalittoraux",0,4.385964912,50,0,58.22873503,94.84642559,-61.06779861,-23.76776073,43.37378311,0,0,0,0,0.060258623,0.665170491,0,0,0,0,0.001847114,0.071695797,0,0,0,0,0,0,0,0,0,0,0.084739905,1,0,0.3234207,0.730696559,0,0.039737381,0.593346536,0,6.5e-05,0.064113766,0,0.005015401,0.229556262,0.003848691,0.009476281,0.013097337,64.52934299,1909.56848,0.282423675,0.218299106,0.264632553,0.5526855,21.02204514,20.6169529,18.09225655,17.483655
"SPY181712","05/06/2018","France","PACA","carry-le-Rouet","N","outside",NA,5,"12:30",NA,"00:31",30,43.331557,5.243485,NA,NA,43.328637,5.228447,"43.331557","5.243485",NA,NA,"43.328637","5.228447",0.2,10,"coastal","surface transect",1,"ReserveBenefits",NA,NA,NA,"SPY181712_carry-le-Rouet",7,"Fonds meubles circalittoraux",0,4.385964912,50,0,58.22873503,94.84642559,-59.49953842,-23.98138936,39.17318344,0,0,0,0,0.058683355,0.641069055,0,0,0,0,0.001845651,0.071695797,0,0,0,0,0,0,0,0,0,0,0.087490722,1,0,0.324969028,0.730296552,0,0.039045782,0.571264267,0,9.18e-06,0.02332277,0,0.004759296,0.229556262,0.003848691,0.009475573,0.013097337,37.72473339,1909.56848,0.282423675,0.218299106,0.264626682,0.576291,21.02228928,20.615242,18.08980942,17.469687
"SPY181713","05/06/2018","France","PACA","carry-le-Rouet","N","reserve","Cantonnement de peche de Carry le Rouet",0,"14:27",NA,"00:30",30,43.328101,5.169124,43.326204,5.157189,43.326514,5.163236,"43.328101","5.169124",43.326204,5.157189,"43.326514","5.163236",0.2,5,"coastal","surface transect",1,"ReserveBenefits",NA,NA,NA,"SPY181713_carry-le-Rouet",6,"Biocenose de l herbier a Posidonia oceanica",0,1.641791045,100,0,86.28795391,100,-23.37969971,-3.33574175,22.29064369,0,0,0,0.194165424,0.571741885,1,0,0,0,0,0.000528627,0.02636411,0,0.094050733,0.501455367,0,0,0,0,0,0,0,0.121893897,0.762506783,0,0.193762376,0.750070572,0.311552614,0.569774843,0.752401948,0,0.033932308,0.248035029,0.010905284,0.311064734,0.751275718,0.00026889,0.0074393,0.011096892,109.1061113,1896.54698,0.282423675,0.218299106,0.270711511,0.6743055,21.02039528,20.6985836,18.16789436,17.4389515
"SPY181714","05/06/2018","France","PACA","carry-le-Rouet","N","outside",NA,5,"13:18",NA,"00:30",30,43.328215,5.228154,NA,NA,43.332175,5.243995,"43.328215","5.228154",NA,NA,"43.332175","5.243995",0.2,10,"coastal","surface transect",1,"ReserveBenefits",NA,NA,NA,"SPY181714_carry-le-Rouet",7,"Fonds meubles circalittoraux",0,4.385964912,50,0,58.22873503,94.84642559,-61.06779861,-23.76776073,43.37378311,0,0,0,0,0.060258623,0.665170491,0,0,0,0,0.001847114,0.071695797,0,0,0,0,0,0,0,0,0,0,0.084739905,1,0,0.3234207,0.730696559,0,0.039737381,0.593346536,0,6.5e-05,0.064113766,0,0.005015401,0.229556262,0.003848691,0.009476281,0.013097337,64.52934299,1896.54698,0.282423675,0.218299106,0.264632553,0.5526855,21.02204514,20.6169529,18.09225655,17.483655
"SPY181153","15/06/2018","France","PACA","porquerolles","N","reserve","Parc National de Port-Cros_tout activite interdite",0,"11:41",NA,"00:30",30,42.993934,6.231181,NA,NA,42.997157,6.24655,"42.993934","6.231181",NA,NA,"42.997157","6.24655",0.2,8,"coastal","surface transect",1,"ReserveBenefits",NA,NA,NA,"SPY181153_porquerolles",7,"Biocenose de l herbier a Posidonia oceanica",0,0.107142857,7.142857143,0,82.13077591,100,-57.91278458,-12.85304433,61.31211472,0.047826082,0.461636711,1,0,0,0,0,0,0,0,0,0,0,0,0,0,0,0,0,0,0,0,0.009081523,0.183010384,0,0.009867671,0.172604308,0,0.003685771,0.070935398,0,0,0,0,0.113298377,0.674392879,9.59e-05,0.008961277,0.017603885,64.12560342,1480.566498,0.175871357,0.216240823,0.189315736,0.095812,20.26813507,20.33834648,19.67478561,18.04828475
"SPY181808","15/06/2018","France","PACA","porquerolles","N","outside",NA,5,"13:35",NA,"00:30",30,42.994923,6.178013,NA,NA,42.990079,6.193071,"42.994923","6.178013",NA,NA,"42.990079","6.193071",0.2,15,"coastal","surface transect",1,"ReserveBenefits",NA,NA,NA,"SPY181808_porquerolles",7,"Fonds meubles circalittoraux",0,0,0,0,78.96034168,100,-51.54787445,-12.18152631,25.80128479,0,0.039014219,0.230298027,0,0.000931634,0.046631314,0,0,0,0,0,0,0,1.33e-05,0.018968778,0,0,0,0,0,0,0,0.033717237,0.488230348,0,0.081556978,0.698600531,0,0.02671662,0.227797046,0,0,0,0,0.300733035,1,0.000108141,0.009628113,0.024301173,41.19056246,2754.5859,0.175871357,0.218857825,0.185702801,0.100492,19.99635124,20.38281822,19.48246384,18.002968
"SPY181809","15/06/2018","France","PACA","porquerolles","N","outside",NA,10,"15:26",NA,"00:30",30,43.009663,6.172318,43.009209,6.184702,43.009313,6.180559,"43.009663","6.172318",43.009209,6.184702,"43.009313","6.180559",0.2,5,"coastal","surface transect",1,"ReserveBenefits",NA,NA,NA,"SPY181809_porquerolles",6,"Biocenose de l herbier a Posidonia oceanica",0,2.534722222,100,0,91.36720559,100,-24.46891594,-10.7152253,0,0.238194272,0.550778467,1,0,0.167222181,0.529623747,0,0,0,0,0,0,0,0.015037585,0.500332654,0,0,0,0,0,0,0,0.023557045,0.363254815,0,0.133442705,0.736833811,0.210342005,0.443597529,0.774351478,0,0,0,0.327143401,0.61197574,1,0.006633168,0.079538152,0.123050988,101.7241535,2754.5859,0.175871357,0.347030252,0.346758842,0.1000905,19.67242813,19.69044113,19.18424988,18.0438605
"SPY181812","15/06/2018","France","PACA","porquerolles","N","reserve","Parc National de Port-Cros_tout activite interdite",0,"11:41",NA,"00:30",30,42.993934,6.231181,NA,NA,42.997157,6.24655,"42.993934","6.231181",NA,NA,"42.997157","6.24655",0.2,8,"coastal","surface transect",1,"ReserveBenefits",NA,NA,NA,"SPY181812_porquerolles",7,"Biocenose de l herbier a Posidonia oceanica",0,0.107142857,7.142857143,0,82.13077591,100,-57.91278458,-12.85304433,61.31211472,0.047826082,0.461636711,1,0,0,0,0,0,0,0,0,0,0,0,0,0,0,0,0,0,0,0,0.009081523,0.183010384,0,0.009867671,0.172604308,0,0.003685771,0.070935398,0,0,0,0,0.113298377,0.674392879,9.59e-05,0.008961277,0.017603885,64.12560342,1379.34428,0.175871357,0.216240823,0.189315736,0.095812,20.26813507,20.33834648,19.67478561,18.04828475
"SPY181813","15/06/2018","France","PACA","porquerolles","N","outside",NA,5,"12:45",NA,"00:30",30,42.989867,6.19165,NA,NA,42.99493,6.178081,"42.989867","6.19165",NA,NA,"42.99493","6.178081",0.2,15,"coastal","surface transect",1,"ReserveBenefits",NA,NA,NA,"SPY181813_porquerolles",7,"Fonds meubles circalittoraux",0,0,0,0,78.96034168,100,-52.65502167,-15.10891069,23.55108452,0,0.035905816,0.219323978,0,0.000862827,0.040973973,0,0,0,0,0,0,0,0,0,0,0,0,0,0,0,0,0.03239317,0.488230348,0,0.076814924,0.698600531,0,0.024974419,0.213534027,0,0,0,0,0.28664702,1,0.000108141,0.010297665,0.024301173,79.79605912,1379.34428,0.175871357,0.218857825,0.185702801,0.100492,19.99276924,20.37876892,19.48114014,18.002968
"SPY181815","15/06/2018","France","PACA","porquerolles","N","outside",NA,10,"14:38",NA,"00:30",30,43.009209,6.184702,NA,NA,43.009493,6.171621,"43.009209","6.184702",NA,NA,"43.009493","6.171621",0.2,5,"coastal","surface transect",1,"ReserveBenefits",NA,NA,NA,"SPY181815_porquerolles",6,"Biocenose de l herbier a Posidonia oceanica",0,2.576358826,100,0,91.57904994,100,-24.76436806,-10.81926613,0,0.225437447,0.543332897,1,0,0.163342101,0.529623747,0,0,0,0,0,0,0,0.014899867,0.500332654,0,0,0,0,0,0,0,0.027598061,0.419555306,0,0.135017743,0.736833811,0.210342005,0.438903004,0.774351478,0,0,0,0.31389308,0.609260708,1,0.006633168,0.078884491,0.123050988,89.33560192,1383.2873,0.175871357,0.345722914,0.344720691,0.1000905,19.67245483,19.69174767,19.18387985,18.0438605
"SPY181816","15/06/2018","France","PACA","porquerolles","N","outside",NA,5,"12:45",NA,"00:30",30,42.989867,6.19165,NA,NA,42.99493,6.178081,"42.989867","6.19165",NA,NA,"42.99493","6.178081",0.2,15,"coastal","surface transect",1,"ReserveBenefits",NA,NA,NA,"SPY181816_porquerolles",7,"Fonds meubles circalittoraux",0,0,0,0,78.96034168,100,-52.65502167,-15.10891069,23.55108452,0,0.035905816,0.219323978,0,0.000862827,0.040973973,0,0,0,0,0,0,0,0,0,0,0,0,0,0,0,0,0.03239317,0.488230348,0,0.076814924,0.698600531,0,0.024974419,0.213534027,0,0,0,0,0.28664702,1,0.000108141,0.010297665,0.024301173,79.79605912,1078.436787,0.175871357,0.218857825,0.185702801,0.100492,19.99276924,20.37876892,19.48114014,18.002968
"SPY181818","15/06/2018","France","PACA","porquerolles","N","reserve","Parc National de Port-Cros_tout activite interdite",0,"10:51",NA,"00:31",30,42.996874,6.247296,NA,NA,42.994184,6.231434,"42.996874","6.247296",NA,NA,"42.994184","6.231434",0.2,8,"coastal","surface transect",1,"ReserveBenefits",NA,NA,NA,"SPY181818_porquerolles",7,"Biocenose de l herbier a Posidonia oceanica",0,0.103174603,7.142857143,0,82.35125976,100,-58.49346161,-13.45038578,61.31211472,0.025041847,0.450272788,1,0,0,0,0,0,0,0,0,0,0,0,0,0,0,0,0,0,0,0,0.00965778,0.183010384,0,0.012510376,0.173004299,0,0.003866306,0.070935398,0,0,0,0,0.10538907,0.668600678,9.59e-05,0.009031628,0.017957853,93.61064575,1078.436787,0.175871357,0.214415625,0.187077448,0.095812,20.26891136,20.3449192,19.67299461,18.04828475
"SPY181819","15/06/2018","France","PACA","porquerolles","N","reserve","Parc National de Port-Cros_tout activite interdite",0,"10:51",NA,"00:31",30,42.996874,6.247296,NA,NA,42.994184,6.231434,"42.996874","6.247296",NA,NA,"42.994184","6.231434",0.2,8,"coastal","surface transect",1,"ReserveBenefits",NA,NA,NA,"SPY181819_porquerolles",7,"Biocenose de l herbier a Posidonia oceanica",0,0.103174603,7.142857143,0,82.35125976,100,-58.49346161,-13.45038578,61.31211472,0.025041847,0.450272788,1,0,0,0,0,0,0,0,0,0,0,0,0,0,0,0,0,0,0,0,0.00965778,0.183010384,0,0.012510376,0.173004299,0,0.003866306,0.070935398,0,0,0,0,0.10538907,0.668600678,9.59e-05,0.009031628,0.017957853,93.61064575,1078.436787,0.175871357,0.214415625,0.187077448,0.095812,20.26891136,20.3449192,19.67299461,18.04828475
"SPY181821","15/06/2018","France","PACA","porquerolles","N","outside",NA,10,"15:26",NA,"00:30",30,43.009663,6.172318,43.009209,6.184702,43.009313,6.180559,"43.009663","6.172318",43.009209,6.184702,"43.009313","6.180559",0.2,5,"coastal","surface transect",1,"ReserveBenefits",NA,NA,NA,"SPY181821_porquerolles",6,"Biocenose de l herbier a Posidonia oceanica",0,2.534722222,100,0,91.36720559,100,-24.46891594,-10.7152253,0,0.238194272,0.550778467,1,0,0.167222181,0.529623747,0,0,0,0,0,0,0,0.015037585,0.500332654,0,0,0,0,0,0,0,0.023557045,0.363254815,0,0.133442705,0.736833811,0.210342005,0.443597529,0.774351478,0,0,0,0.327143401,0.61197574,1,0.006633168,0.079538152,0.123050988,101.7241535,1622.962948,0.175871357,0.347030252,0.346758842,0.1000905,19.67242813,19.69044113,19.18424988,18.0438605
"SPY181825","15/06/2018","France","PACA","porquerolles","N","outside",NA,10,"14:38",NA,"00:30",30,43.009209,6.184702,NA,NA,43.009493,6.171621,"43.009209","6.184702",NA,NA,"43.009493","6.171621",0.2,5,"coastal","surface transect",1,"ReserveBenefits",NA,NA,NA,"SPY181825_porquerolles",6,"Biocenose de l herbier a Posidonia oceanica",0,2.576358826,100,0,91.57904994,100,-24.76436806,-10.81926613,0,0.225437447,0.543332897,1,0,0.163342101,0.529623747,0,0,0,0,0,0,0,0.014899867,0.500332654,0,0,0,0,0,0,0,0.027598061,0.419555306,0,0.135017743,0.736833811,0.210342005,0.438903004,0.774351478,0,0,0,0.31389308,0.609260708,1,0.006633168,0.078884491,0.123050988,89.33560192,299.7252321,0.175871357,0.345722914,0.344720691,0.1000905,19.67245483,19.69174767,19.18387985,18.0438605
"SPY181826","15/06/2018","France","PACA","porquerolles","N","outside",NA,5,"13:35",NA,"00:30",30,42.994923,6.178013,NA,NA,42.990079,6.193071,"42.994923","6.178013",NA,NA,"42.990079","6.193071",0.2,15,"coastal","surface transect",1,"ReserveBenefits",NA,NA,NA,"SPY181826_porquerolles",7,"Fonds meubles circalittoraux",0,0,0,0,78.96034168,100,-51.54787445,-12.18152631,25.80128479,0,0.039014219,0.230298027,0,0.000931634,0.046631314,0,0,0,0,0,0,0,1.33e-05,0.018968778,0,0,0,0,0,0,0,0.033717237,0.488230348,0,0.081556978,0.698600531,0,0.02671662,0.227797046,0,0,0,0,0.300733035,1,0.000108141,0.009628113,0.024301173,41.19056246,5078.549831,0.175871357,0.218857825,0.185702801,0.100492,19.99635124,20.38281822,19.48246384,18.002968
"SPY180630","21/06/2018","France","PACA","cap_roux","N","outside",NA,10,"14:00",NA,"00:30",30,43.417858,6.829228,NA,NA,43.4147,6.814963,"43.417858","6.829228",NA,NA,"43.4147","6.814963",0.2,5,"coastal","surface transect",1,"ReserveBenefits",NA,NA,NA,"SPY180630_cap_roux",7,"Biocenose de l herbier a Posidonia oceanica",0,0,0,0,85.38393178,100,-39.12968063,-1.229737631,53.00383759,0,0.043714723,0.199687883,0,0.414313522,1,0,0,0,0,0.021316469,0.135837376,0,0.030855539,0.501598001,0,0,0,0,0,0,0,0.000545935,0.126589313,0.046516906,0.364730349,0.739387751,0.473535836,0.803361503,1,0,0.016330574,0.123107493,0.236835092,0.656121212,1,7.27e-05,0.004281426,0.019644747,81.47409413,2727.965406,0.155261159,0.146246895,0.161042422,0.076060667,22.94429207,21.90952873,20.35599327,18.42109867
"SPY180634","21/06/2018","France","PACA","cap_roux","N","outside",NA,5,"12:12",NA,"00:30",30,43.427372,6.88044,43.428093,6.89,43.428162,6.887985,"43.427372","6.88044",43.428093,6.89,"43.428162","6.887985",0.2,5,"coastal","surface transect",1,"ReserveBenefits",NA,NA,NA,"SPY180634_cap_roux",6,"Biocenose de l herbier a Posidonia oceanica",0,0.272108844,28.57142857,0,85.67342006,100,-32.35968399,2.541502014,57.8543129,0.068393134,0.268694122,0.530862987,0.118420526,0.450089074,1,0,0,0,0,0.154843422,0.371467412,0,0,0,0,0,0,0,1.03e-07,0.000114155,0,0.313946735,0.901257753,0,0.318650126,0.736571133,0.554727376,0.837719588,1,0,0.168357899,0.463888466,0.298921138,0.615125363,1,0.001511674,0.110718146,0.40855971,48.95839846,2614.602085,0.160123914,0.155326441,0.174422458,0.083152,22.93037605,21.66259956,20.28500748,18.418865
"SPY180635","21/06/2018","France","PACA","cap_roux","N","outside",NA,10,"14:00",NA,"00:30",30,43.417858,6.829228,NA,NA,43.4147,6.814963,"43.417858","6.829228",NA,NA,"43.4147","6.814963",0.2,5,"coastal","surface transect",1,"ReserveBenefits",NA,NA,NA,"SPY180635_cap_roux",7,"Biocenose de l herbier a Posidonia oceanica",0,0,0,0,85.38393178,100,-39.12968063,-1.229737631,53.00383759,0,0.043714723,0.199687883,0,0.414313522,1,0,0,0,0,0.021316469,0.135837376,0,0.030855539,0.501598001,0,0,0,0,0,0,0,0.000545935,0.126589313,0.046516906,0.364730349,0.739387751,0.473535836,0.803361503,1,0,0.016330574,0.123107493,0.236835092,0.656121212,1,7.27e-05,0.004281426,0.019644747,81.47409413,10215.22199,0.155261159,0.146246895,0.161042422,0.076060667,22.94429207,21.90952873,20.35599327,18.42109867
"SPY180934","21/06/2018","France","PACA","cap_roux","N","outside",NA,5,"12:12",NA,"00:30",30,43.427372,6.88044,43.428093,6.89,43.428162,6.887985,"43.427372","6.88044",43.428093,6.89,"43.428162","6.887985",0.2,5,"coastal","surface transect",1,"ReserveBenefits",NA,NA,NA,"SPY180934_cap_roux",6,"Biocenose de l herbier a Posidonia oceanica",0,0.272108844,28.57142857,0,85.67342006,100,-32.35968399,2.541502014,57.8543129,0.068393134,0.268694122,0.530862987,0.118420526,0.450089074,1,0,0,0,0,0.154843422,0.371467412,0,0,0,0,0,0,0,1.03e-07,0.000114155,0,0.313946735,0.901257753,0,0.318650126,0.736571133,0.554727376,0.837719588,1,0,0.168357899,0.463888466,0.298921138,0.615125363,1,0.001511674,0.110718146,0.40855971,48.95839846,3508.998137,0.160123914,0.155326441,0.174422458,0.083152,22.93037605,21.66259956,20.28500748,18.418865
"SPY181810","21/06/2018","France","PACA","cap_roux","N","reserve","Cantonnement de peche de Saint-Raphael (Cap-Roux)",0,"10:21",NA,"00:31",30,43.460438,6.923639,NA,NA,43.454636,6.92302,"43.460438","6.923639",NA,NA,"43.454636","6.92302",0.2,5,"coastal","surface transect",1,"ReserveBenefits",NA,NA,NA,"SPY181810_cap_roux",8,"Biocenose de l herbier a Posidonia oceanica",0,0,0,0,82.9069725,100,-49.93562317,-1.446011031,89.51144409,0,0.009501076,0.090545394,0,0.022507747,0.190489084,0,0,0,0,0.012071169,0.097644098,0,0,0,0,0,0,0,0.00019966,0.013736683,0,0.205966883,0.604616284,0,0.015524317,0.709039688,0,0.174486329,0.478170961,0,0.001761162,0.042541116,0.049938202,0.580204593,1,0.000628609,0.081031216,0.239988953,109.3826108,2744.101199,0.150237158,0.165568739,0.182596967,0.082529,22.95882988,21.74461174,20.32576942,18.431097
"SPY181811","21/06/2018","France","PACA","cap_roux","N","outside",NA,5,"11:23",NA,"00:30",30,43.427908,6.88989,NA,NA,43.427377,6.880278,"43.427908","6.88989",NA,NA,"43.427377","6.880278",0.2,5,"coastal","surface transect",1,"ReserveBenefits",NA,NA,NA,"SPY181811_cap_roux",6,"Biocenose de l herbier a Posidonia oceanica",0,0.269541779,28.57142857,0,85.63293841,100,-32.35968399,2.178247597,57.8543129,0.068393134,0.268693249,0.532944083,0.118513085,0.447923419,1,0,0,0,0,0.154452644,0.373649865,0,0,0,0,0,0,0,1.02e-07,0.000114155,0,0.308345418,0.901257753,0,0.313373922,0.736653924,0.54913646,0.834748365,1,0,0.169106292,0.465938717,0.292872548,0.610729825,1,0.001511674,0.112578895,0.40855971,71.09946199,2744.101199,0.160123914,0.155326441,0.174422458,0.083152,22.92987633,21.6626339,20.28461838,18.418865
"SPY181814","21/06/2018","France","PACA","cap_roux","N","reserve","Cantonnement de peche de Saint-Raphael (Cap-Roux)",0,"10:21",NA,"00:31",30,43.460438,6.923639,NA,NA,43.454636,6.92302,"43.460438","6.923639",NA,NA,"43.454636","6.92302",0.2,5,"coastal","surface transect",1,"ReserveBenefits",NA,NA,NA,"SPY181814_cap_roux",8,"Biocenose de l herbier a Posidonia oceanica",0,0,0,0,82.9069725,100,-49.93562317,-1.446011031,89.51144409,0,0.009501076,0.090545394,0,0.022507747,0.190489084,0,0,0,0,0.012071169,0.097644098,0,0,0,0,0,0,0,0.00019966,0.013736683,0,0.205966883,0.604616284,0,0.015524317,0.709039688,0,0.174486329,0.478170961,0,0.001761162,0.042541116,0.049938202,0.580204593,1,0.000628609,0.081031216,0.239988953,109.3826108,1383.2873,0.150237158,0.165568739,0.182596967,0.082529,22.95882988,21.74461174,20.32576942,18.431097
"SPY181820","21/06/2018","France","PACA","cap_roux","N","outside",NA,5,"11:23",NA,"00:30",30,43.427908,6.88989,NA,NA,43.427377,6.880278,"43.427908","6.88989",NA,NA,"43.427377","6.880278",0.2,5,"coastal","surface transect",1,"ReserveBenefits",NA,NA,NA,"SPY181820_cap_roux",6,"Biocenose de l herbier a Posidonia oceanica",0,0.269541779,28.57142857,0,85.63293841,100,-32.35968399,2.178247597,57.8543129,0.068393134,0.268693249,0.532944083,0.118513085,0.447923419,1,0,0,0,0,0.154452644,0.373649865,0,0,0,0,0,0,0,1.02e-07,0.000114155,0,0.308345418,0.901257753,0,0.313373922,0.736653924,0.54913646,0.834748365,1,0,0.169106292,0.465938717,0.292872548,0.610729825,1,0.001511674,0.112578895,0.40855971,71.09946199,1622.962948,0.160123914,0.155326441,0.174422458,0.083152,22.92987633,21.6626339,20.28461838,18.418865
"SPY181822","21/06/2018","France","PACA","cap_roux","N","outside",NA,10,"14:45",NA,"00:30",30,43.414792,6.8148,NA,NA,43.417892,6.828788,"43.414792","6.8148",NA,NA,"43.417892","6.828788",0.2,5,"coastal","surface transect",1,"ReserveBenefits",NA,NA,NA,"SPY181822_cap_roux",7,"Biocenose de l herbier a Posidonia oceanica",0,0,0,0,85.50896269,100,-37.26913452,-0.900493626,49.83216476,0,0.044341768,0.196342945,0,0.42275798,1,0,0,0,0,0.021645978,0.132959142,0,0.030032727,0.501598001,0,0,0,0,0,0,0,6.15e-05,0.096458286,0.046516906,0.364671619,0.739387751,0.486391306,0.808815864,1,0,0.016745301,0.123107493,0.257607758,0.664153649,1,7.27e-05,0.004182082,0.019580105,70.26699152,1498.16901,0.15517205,0.146203652,0.160936892,0.076060667,22.93450928,21.90583229,20.3555603,18.42109867
"SPY181823","21/06/2018","France","PACA","cap_roux","N","outside",NA,10,"14:45",NA,"00:30",30,43.414792,6.8148,NA,NA,43.417892,6.828788,"43.414792","6.8148",NA,NA,"43.417892","6.828788",0.2,5,"coastal","surface transect",1,"ReserveBenefits",NA,NA,NA,"SPY181823_cap_roux",7,"Biocenose de l herbier a Posidonia oceanica",0,0,0,0,85.50896269,100,-37.26913452,-0.900493626,49.83216476,0,0.044341768,0.196342945,0,0.42275798,1,0,0,0,0,0.021645978,0.132959142,0,0.030032727,0.501598001,0,0,0,0,0,0,0,6.15e-05,0.096458286,0.046516906,0.364671619,0.739387751,0.486391306,0.808815864,1,0,0.016745301,0.123107493,0.257607758,0.664153649,1,7.27e-05,0.004182082,0.019580105,70.26699152,1567.51698,0.15517205,0.146203652,0.160936892,0.076060667,22.93450928,21.90583229,20.3555603,18.42109867
"SPY181829","21/06/2018","France","PACA","cap_roux","N","reserve","Cantonnement de peche de Saint-Raphael (Cap-Roux)",0,"09:21",NA,"00:30",30,43.453856,6.922852,NA,NA,43.460355,6.923572,"43.453856","6.922852",NA,NA,"43.460355","6.923572",0.2,5,"coastal","surface transect",1,"ReserveBenefits",NA,NA,NA,"SPY181829_cap_roux",8,"Biocenose de l herbier a Posidonia oceanica",0,0,0,0,83.17892877,100,-49.92362595,-1.287711269,91.82711029,0,0.010281164,0.092229754,0,0.021534324,0.190489084,0,0,0,0,0.012030021,0.097644098,0,0,0,0,0,0,0,0.00018899,0.013736683,0,0.212613947,0.604616284,0,0.024243889,0.709039688,0,0.184908731,0.486721307,0,0.001666598,0.042541116,0.049938202,0.586770276,1,0.000628609,0.087742336,0.257897407,119.7837051,185.4678219,0.150237158,0.165568739,0.182596967,0.082529,22.9535923,21.73601532,20.31946373,18.431097
"SPY181830","21/06/2018","France","PACA","cap_roux","N","reserve","Cantonnement de peche de Saint-Raphael (Cap-Roux)",0,"09:21",NA,"00:30",30,43.453856,6.922852,NA,NA,43.460355,6.923572,"43.453856","6.922852",NA,NA,"43.460355","6.923572",0.2,5,"coastal","surface transect",1,"ReserveBenefits",NA,NA,NA,"SPY181830_cap_roux",8,"Biocenose de l herbier a Posidonia oceanica",0,0,0,0,83.17892877,100,-49.92362595,-1.287711269,91.82711029,0,0.010281164,0.092229754,0,0.021534324,0.190489084,0,0,0,0,0.012030021,0.097644098,0,0,0,0,0,0,0,0.00018899,0.013736683,0,0.212613947,0.604616284,0,0.024243889,0.709039688,0,0.184908731,0.486721307,0,0.001666598,0.042541116,0.049938202,0.586770276,1,0.000628609,0.087742336,0.257897407,119.7837051,148.5019846,0.150237158,0.165568739,0.182596967,0.082529,22.9535923,21.73601532,20.31946373,18.431097
"SPY180765","20/03/2019","France","PACA","cap_de_nice","N","outside",NA,NA,NA,NA,"00:30",30,43.687017,7.308539,NA,NA,NA,NA,"43.687017","7.308539",NA,NA,NA,NA,0.2,NA,"coastal","surface transect",1,"Gombessa5",NA,NA,NA,"SPY180765_cap_de_nice",8,"Fonds meubles circalittoraux",0,8.509199134,66.66666667,0,68.58970294,95.75387744,-158.3115692,-81.29877187,0,0,0.000299871,0.030285282,0,0.065039209,0.629722416,0,0,0,0,0.029564291,0.365861446,0,5.43e-05,0.019283973,0,0,0,0,0.036604488,0.666400254,0,0.009647155,0.308816046,0,0.223000001,0.741822064,0,0.282023446,1,0,0.002681404,0.1019549,0,0.026088682,0.369572997,0.043426756,0.125279544,0.174894586,111.5349068,3237.191753,0.450855196,0.371747613,0.448897332,0.111085,14.20564365,14.01592064,14.1081543,18.483589
"SPY180785","20/03/2019","France","PACA","baie _de_villefranche","N","outside",NA,NA,NA,NA,"00:30",30,43.689708,7.309035,NA,NA,NA,NA,"43.689708","7.309035",NA,NA,NA,NA,0.2,NA,"coastal","surface transect",1,"Gombessa5",NA,NA,NA,"SPY180785_baie _de_villefranche",9,"Fonds meubles circalittoraux",0,17.36665674,100,0,71.3569238,95.75387744,-114.2894211,-60.13636502,5.468384266,0,0.000435046,0.030285282,0,0.159102441,1,0,0,0,0,0.036213102,0.322198451,0,0.000944925,0.071156129,0,0,0,0,0.120333184,0.758181095,0,0.042745234,0.604308486,0.017738622,0.252029148,0.744304895,0,0.432309558,1,0,0.002686093,0.075595386,0,0.050521355,0.51901114,0.015190594,0.132677345,0.183795959,92.2991885,3512.360884,0.450855196,0.371747613,0.448897332,0.111085,14.20497417,14.01522636,14.10823536,18.483589
"SPY181511","20/03/2019","France","PACA","baie _de_villefranche","N","outside",NA,NA,NA,NA,"00:30",30,43.689708,7.309035,NA,NA,NA,NA,"43.689708","7.309035",NA,NA,NA,NA,0.2,NA,"coastal","surface transect",1,"Gombessa5",NA,NA,NA,"SPY181511_baie _de_villefranche",9,"Fonds meubles circalittoraux",0,17.36665674,100,0,71.3569238,95.75387744,-114.2894211,-60.13636502,5.468384266,0,0.000435046,0.030285282,0,0.159102441,1,0,0,0,0,0.036213102,0.322198451,0,0.000944925,0.071156129,0,0,0,0,0.120333184,0.758181095,0,0.042745234,0.604308486,0.017738622,0.252029148,0.744304895,0,0.432309558,1,0,0.002686093,0.075595386,0,0.050521355,0.51901114,0.015190594,0.132677345,0.183795959,92.2991885,1459.782328,0.450855196,0.371747613,0.448897332,0.111085,14.20497417,14.01522636,14.10823536,18.483589
"SPY181884","20/03/2019","France","PACA","cap_de_nice","N","outside",NA,NA,NA,NA,"00:30",30,43.687017,7.308539,NA,NA,NA,NA,"43.687017","7.308539",NA,NA,NA,NA,0.2,NA,"coastal","surface transect",1,"Gombessa5",NA,NA,NA,"SPY181884_cap_de_nice",8,"Fonds meubles circalittoraux",0,8.509199134,66.66666667,0,68.58970294,95.75387744,-158.3115692,-81.29877187,0,0,0.000299871,0.030285282,0,0.065039209,0.629722416,0,0,0,0,0.029564291,0.365861446,0,5.43e-05,0.019283973,0,0,0,0,0.036604488,0.666400254,0,0.009647155,0.308816046,0,0.223000001,0.741822064,0,0.282023446,1,0,0.002681404,0.1019549,0,0.026088682,0.369572997,0.043426756,0.125279544,0.174894586,111.5349068,1467.236122,0.450855196,0.371747613,0.448897332,0.111085,14.20564365,14.01592064,14.1081543,18.483589
"SPY181890","20/03/2019","France","PACA","baie _de_villefranche","N","outside",NA,NA,NA,NA,"00:30",30,43.689708,7.309035,NA,NA,NA,NA,"43.689708","7.309035",NA,NA,NA,NA,0.2,NA,"coastal","surface transect",1,"Gombessa5",NA,NA,NA,"SPY181890_baie _de_villefranche",9,"Fonds meubles circalittoraux",0,17.36665674,100,0,71.3569238,95.75387744,-114.2894211,-60.13636502,5.468384266,0,0.000435046,0.030285282,0,0.159102441,1,0,0,0,0,0.036213102,0.322198451,0,0.000944925,0.071156129,0,0,0,0,0.120333184,0.758181095,0,0.042745234,0.604308486,0.017738622,0.252029148,0.744304895,0,0.432309558,1,0,0.002686093,0.075595386,0,0.050521355,0.51901114,0.015190594,0.132677345,0.183795959,92.2991885,123.5727669,0.450855196,0.371747613,0.448897332,0.111085,14.20497417,14.01522636,14.10823536,18.483589
"SPY181893","20/03/2019","France","PACA","baie _de_villefranche","N","outside",NA,NA,NA,NA,"00:30",30,43.689708,7.309035,NA,NA,NA,NA,"43.689708","7.309035",NA,NA,NA,NA,0.2,NA,"coastal","surface transect",1,"Gombessa5",NA,NA,NA,"SPY181893_baie _de_villefranche",9,"Fonds meubles circalittoraux",0,17.36665674,100,0,71.3569238,95.75387744,-114.2894211,-60.13636502,5.468384266,0,0.000435046,0.030285282,0,0.159102441,1,0,0,0,0,0.036213102,0.322198451,0,0.000944925,0.071156129,0,0,0,0,0.120333184,0.758181095,0,0.042745234,0.604308486,0.017738622,0.252029148,0.744304895,0,0.432309558,1,0,0.002686093,0.075595386,0,0.050521355,0.51901114,0.015190594,0.132677345,0.183795959,92.2991885,109.5853741,0.450855196,0.371747613,0.448897332,0.111085,14.20497417,14.01522636,14.10823536,18.483589
"SPY181894","20/03/2019","France","PACA","cap_de_nice","N","outside",NA,NA,NA,NA,"00:30",30,43.686972,7.30875,NA,NA,NA,NA,"43.686972","7.30875",NA,NA,NA,NA,0.2,NA,"coastal","surface transect",1,"Gombessa5",NA,NA,NA,"SPY181894_cap_de_nice",8,"Fonds meubles circalittoraux",0,8.509199134,66.66666667,0,68.58970294,95.75387744,-158.9061127,-82.33199908,0,0,0.000278339,0.030285282,0,0.061750874,0.615912497,0,0,0,0,0.027768962,0.365861446,0,4.59e-05,0.019283973,0,0,0,0,0.040427216,0.705137014,0,0.008997581,0.293749839,0,0.218299038,0.741822064,0,0.272293333,1,0,0.002495158,0.1019549,0,0.024229762,0.369572997,0.043426756,0.124719443,0.175980091,128.3618704,1171.091457,0.450855196,0.371747613,0.448897332,0.111085,14.20582294,14.01614475,14.10819817,18.483589
"SPY181910","20/03/2019","France","PACA","cap_de_nice","N","outside",NA,NA,NA,NA,"00:30",30,43.686972,7.30875,NA,NA,NA,NA,"43.686972","7.30875",NA,NA,NA,NA,0.2,NA,"coastal","surface transect",1,"Gombessa5",NA,NA,NA,"SPY181910_cap_de_nice",8,"Fonds meubles circalittoraux",0,8.509199134,66.66666667,0,68.58970294,95.75387744,-158.9061127,-82.33199908,0,0,0.000278339,0.030285282,0,0.061750874,0.615912497,0,0,0,0,0.027768962,0.365861446,0,4.59e-05,0.019283973,0,0,0,0,0.040427216,0.705137014,0,0.008997581,0.293749839,0,0.218299038,0.741822064,0,0.272293333,1,0,0.002495158,0.1019549,0,0.024229762,0.369572997,0.043426756,0.124719443,0.175980091,128.3618704,158.6166689,0.450855196,0.371747613,0.448897332,0.111085,14.20582294,14.01614475,14.10819817,18.483589
"SPY192279","01/07/2019","France","PACA","Calanques","N","outside",NA,10,"08:48",NA,"00:31",30,43.268999,5.366335,NA,NA,43.280787,5.346578,"43.268999","5.366335",NA,NA,"43.280787","5.346578",0.2,5,"coastal","surface transect",1,"ReserveBenefits",NA,NA,NA,"SPY192279_Calanques",7,"Biocenose de l herbier a Posidonia oceanica",0,34.69314481,100,0,66.30892518,100,-15.91953945,6.97788666,84.15568542,0,0,0,0.412129223,0.727576011,1,0,0,0,0.309545875,0.537338128,0.756248772,0,0.076108412,0.501598001,0,0.001064198,0.056719556,0,4.34e-06,0.000951294,0,0.149253642,0.992235124,0,0.37048001,1,0.653960824,0.868187422,1,0,0,0,0,0.185173971,0.501598001,0,0.006317385,0.049652841,48.84037471,16975.41649,0.266333729,0.350316405,0.229087815,0.422003,24.64591789,22.94850922,20.16827202,17.534101
"SPY192280","01/07/2019","France","PACA","Calanques","N","reserve","ZNP RIOU / PODESTAT_Coeur marin du Parc National des Calanques",0,"17:10",NA,"00:31",30,43.174919,5.398043,NA,NA,43.179577,5.371579,"43.174919","5.398043",NA,NA,"43.179577","5.371579",0.2,7,"coastal","surface transect",1,"ReserveBenefits",NA,NA,NA,"SPY192280_Calanques",5,"Fonds meubles circalittoraux",0,0,0,0,76.72079041,100,-77.34379578,-30.09272862,0,0,0,0,0,0.031248464,0.243208453,0,0,0,0,0.005496198,0.112850122,0,0,0,0,0,0,0,0,0,0,0.03133988,0.603121221,0,0.081734237,0.704372108,0,0.001975135,0.074611507,0,0.024790557,0.221381485,0,0,0,0.001912954,0.007351177,0.016513282,81.40633622,6952.593628,0.158337772,0.160197109,0.409794778,0.381287,23.38752556,21.82167625,19.28284073,17.596312
"SPY192284","01/07/2019","France","PACA","Calanques","N","outside",NA,5,"12:54",NA,"00:30",30,43.23291,5.351053,NA,NA,43.21711,5.345712,"43.23291","5.351053",NA,NA,"43.21711","5.345712",0.2,5,"coastal","surface transect",1,"ReserveBenefits",NA,NA,NA,"SPY192284_Calanques",7,"Association de la matte morte de Posidonia oceanica",0,62.52932506,100,0,43.53506418,100,-24.56847763,-2.895854445,79.33847046,0,0,0,0.576446712,0.779005106,1,0,0,0,0.158393487,0.297494975,0.490091205,0,0.03447725,0.501598001,0,0,0,0,0,0,0,0.295646048,0.934179068,0,0.286184882,0.752401948,0.294619024,0.729016027,1,0,0.005920441,0.160399958,0.016665572,0.277858504,0.752401948,2.25e-06,0.00265177,0.004692013,36.22979131,6990.22808,0.246271536,0.350316405,0.176612616,0.381287,24.55399513,22.68266487,19.81921387,17.596312
"SPY192285","01/07/2019","France","PACA","Calanques","N","outside",NA,5,"15:02",NA,"00:30",30,43.217316,5.345488,NA,NA,43.23274,5.351033,"43.217316","5.345488",NA,NA,"43.23274","5.351033",0.2,5,"coastal","surface transect",1,"ReserveBenefits",NA,NA,NA,"SPY192285_Calanques",7,"Biocenose de l herbier a Posidonia oceanica",0,45.12334749,100,0,57.31920809,100,-24.56847763,-2.673628367,76.3563385,0,0,0,0.575506449,0.787020981,1,0,0,0,0.155587241,0.269500576,0.490091205,0,0.019549301,0.501598001,0,0,0,0,0,0,0,0.321617144,0.934179068,0,0.322539279,0.752401948,0.331525892,0.655722413,1,0,0.009416746,0.160399958,0.018935241,0.316873928,0.752401948,2.25e-06,0.002073393,0.004694428,32.520945,7264.78878,0.246271536,0.237673238,0.176612616,0.381287,24.42933655,22.56940842,19.7633667,17.596312
"SPY192289","01/07/2019","France","PACA","Calanques","N","reserve","ZNP RIOU / PODESTAT_Coeur marin du Parc National des Calanques",0,"17:10",NA,"00:31",30,43.174919,5.398043,NA,NA,43.179577,5.371579,"43.174919","5.398043",NA,NA,"43.179577","5.371579",0.2,7,"coastal","surface transect",1,"ReserveBenefits",NA,NA,NA,"SPY192289_Calanques",5,"Fonds meubles circalittoraux",0,0,0,0,76.72079041,100,-77.34379578,-30.09272862,0,0,0,0,0,0.031248464,0.243208453,0,0,0,0,0.005496198,0.112850122,0,0,0,0,0,0,0,0,0,0,0.03133988,0.603121221,0,0.081734237,0.704372108,0,0.001975135,0.074611507,0,0.024790557,0.221381485,0,0,0,0.001912954,0.007351177,0.016513282,81.40633622,2327.042883,0.158337772,0.160197109,0.409794778,0.381287,23.38752556,21.82167625,19.28284073,17.596312
"SPY192305","01/07/2019","France","PACA","Calanques","N","reserve","ZNP RIOU / PODESTAT_Coeur marin du Parc National des Calanques",0,"18:08",NA,"00:30",30,43.180361,5.372539,NA,NA,43.176749,5.394,"43.180361","5.372539",NA,NA,"43.176749","5.394",0.2,7,"coastal","surface transect",1,"ReserveBenefits",NA,NA,NA,"SPY192305_Calanques",5,"Biocenose de l herbier a Posidonia oceanica",0,0,0,0,77.83257427,100,-49.92733383,-23.32656629,0,0,0,0,0,0.051709191,0.243208453,0,0,0,0,0.007769002,0.112850122,0,0,0,0,0,0,0,0,0,0,0.044482622,0.603121221,0,0.021826823,0.699432373,0,0.003041149,0.074611507,0,0.032835958,0.205862343,0,0,0,0.001912954,0.007196198,0.016459074,83.88975224,9065.743315,0.158337772,0.160197109,0.355678231,0.381287,23.70307732,22.09210587,19.35911751,17.596312
"SPY192306","01/07/2019","France","PACA","Calanques","N","outside",NA,10,"10:26",NA,"00:30",30,43.268996,5.367196,NA,NA,43.279561,5.347211,"43.268996","5.367196",NA,NA,"43.279561","5.347211",0.2,5,"coastal","surface transect",1,"ReserveBenefits",NA,NA,NA,"SPY192306_Calanques",7,"Biocenose de l herbier a Posidonia oceanica",0,33.44488186,100,0,65.89204804,100,-17.09049034,9.067525411,85.98500061,0,0,0,0.402562231,0.724721254,1,0,0,0,0.317036986,0.541138859,0.756248772,0,0.076362739,0.501598001,0,0.000936787,0.052472331,0,5.75e-06,0.000951294,0,0.153524512,0.992235124,0,0.376841013,0.999860466,0.640302658,0.865992237,1,0,0,0,0,0.188287005,0.501598001,0,0.004931474,0.045049496,76.20274226,1872.780464,0.266333729,0.350316405,0.229087815,0.422003,24.63759995,22.96289635,20.19748306,17.534101
"SPY192308","01/07/2019","France","PACA","Calanques","N","outside",NA,5,"14:20",NA,"00:30",30,43.232298,5.349933,NA,NA,43.217484,5.345571,"43.232298","5.349933",NA,NA,"43.217484","5.345571",0.2,5,"coastal","surface transect",1,"ReserveBenefits",NA,NA,NA,"SPY192308_Calanques",7,"Fonds meubles circalittoraux",0,54.05187981,100,0,52.10162358,100,-34.84444046,-10.88456759,66.86416626,0,0,0,0.560989201,0.759520846,1,0,0,0,0.155189767,0.266278248,0.482042968,0,0.0173913,0.501598001,0,0,0,0,0,0,0,0.273978996,0.934179068,0,0.293869259,0.752401948,0.41730386,0.677814897,1,0,0.006666634,0.097167514,0.01389595,0.277094887,0.752401948,2.25e-06,0.007885202,0.019320341,25.61906999,1534.198571,0.287802696,0.46880433,0.584614098,0.2318785,25.25065613,23.11153412,19.17980385,16.698372
"SPY192312","01/07/2019","France","PACA","Calanques","N","reserve","ZNP RIOU / PODESTAT_Coeur marin du Parc National des Calanques",0,"18:08",NA,"00:30",30,43.180361,5.372539,NA,NA,43.176749,5.394,"43.180361","5.372539",NA,NA,"43.176749","5.394",0.2,7,"coastal","surface transect",1,"ReserveBenefits",NA,NA,NA,"SPY192312_Calanques",5,"Biocenose de l herbier a Posidonia oceanica",0,0,0,0,77.83257427,100,-49.92733383,-23.32656629,0,0,0,0,0,0.051709191,0.243208453,0,0,0,0,0.007769002,0.112850122,0,0,0,0,0,0,0,0,0,0,0.044482622,0.603121221,0,0.021826823,0.699432373,0,0.003041149,0.074611507,0,0.032835958,0.205862343,0,0,0,0.001912954,0.007196198,0.016459074,83.88975224,2467.562973,0.182518914,0.173537031,0.23539272,0.381287,23.98449707,22.50679779,19.4865303,17.596312
"SPY192316","01/07/2019","France","PACA","Calanques","N","outside",NA,10,"11:16",NA,"00:31",30,43.279535,5.349506,NA,NA,43.26864,5.367676,"43.279535","5.349506",NA,NA,"43.26864","5.367676",0.2,5,"coastal","surface transect",1,"ReserveBenefits",NA,NA,NA,"SPY192316_Calanques",7,"Biocenose de l herbier a Posidonia oceanica",0,27.39241597,100,0,68.09838976,100,-15.90903282,4.919309876,86.06668854,0,0,0,0.451255202,0.692619525,1,0,0,0,0.36743468,0.51490106,0.771569967,0,0.049157756,0.501598001,0,0.001834353,0.052472331,0,3.81e-06,0.000951294,0,0.221835004,0.992235124,0,0.379869501,0.999860466,0.667550564,0.876144393,1,0,0,0,0,0.190959851,0.533077836,0,0.00446803,0.032676537,49.12774698,1634.678101,0.266333729,0.350316405,0.229087815,0.422003,24.62901497,22.9896183,20.24324226,17.534101
"SPY192320","01/07/2019","France","PACA","Calanques","N","outside",NA,5,"13:37",NA,"00:29",30,43.217498,5.34561,NA,NA,43.232714,5.351148,"43.217498","5.34561",NA,NA,"43.232714","5.351148",0.2,5,"coastal","surface transect",1,"ReserveBenefits",NA,NA,NA,"SPY192320_Calanques",7,"Biocenose de l herbier a Posidonia oceanica",0,45.21718435,100,0,57.43559065,100,-24.20699501,-2.244926452,78.6700592,0,0,0,0.576446712,0.788587695,1,0,0,0,0.157676086,0.270715341,0.490091205,0,0.019828314,0.501598001,0,0,0,0,0,0,0,0.323674766,0.934179068,0,0.324445111,0.752401948,0.41730386,0.658407288,1,0,0.00919136,0.097167514,0.021700859,0.318567189,0.752401948,2.25e-06,0.002060541,0.004635695,19.63488701,534.927866,0.246271536,0.237673238,0.176612616,0.381287,24.49404144,22.62810898,19.78433609,17.596312
"SPY192323","01/07/2019","France","PACA","Calanques","N","outside",NA,10,"09:35",NA,"00:30",30,43.28088,5.346361,NA,NA,43.268709,5.367605,"43.28088","5.346361",NA,NA,"43.268709","5.367605",0.2,5,"coastal","surface transect",1,"ReserveBenefits",NA,NA,NA,"SPY192323_Calanques",7,"Biocenose de l herbier a Posidonia oceanica",0,21.65047729,100,0,75.02167076,100,-15.91953945,2.650654376,86.06668854,0,0,0,0.411036044,0.663288275,1,0,0,0,0.307429433,0.480196437,0.771569967,0,0.050463378,0.501598001,0,0.001987336,0.056719556,0,3.79e-06,0.000951294,0,0.243937279,0.992235124,0,0.377291083,1,0.659066081,0.863592302,1,0,0,0,0,0.151813589,0.533077836,0,0.011843742,0.049866967,40.48528835,1440.48765,0.266333729,0.350316405,0.229087815,0.422003,24.64061928,22.95826912,20.18637276,17.534101
"SPY192281","03/07/2019","France","PACA","beach_rock_cassis","N","outside",NA,NA,"14:18",NA,"00:30",30,43.1679,5.54591,NA,NA,NA,NA,"43.1679","5.54591",NA,NA,NA,NA,0.2,NA,NA,"surface transect",1,"Gombessa5",NA,NA,NA,"SPY192281_beach_rock_cassis",2,"Fonds meubles circalittoraux",NA,NA,NA,NA,NA,NA,-81.22208405,-41.69917767,-30.78253365,0,0,0,0,0,0,0,0,0,0,0,0,0,0,0,0,0,0,0,0,0,0,0,0,0,0.034814105,0.19436802,0,0,0,0,0,0,0,0,0,0.005762218,0.007905996,0.017807487,2030.808741,6869.898954,0.151284277,0.24040392,0.19221954,0.2474925,24.2903614,22.88777542,19.73460579,17.69721
"SPY192286","03/07/2019","France","PACA","beach_rock_cassis","N","outside",NA,NA,"14:18",NA,"00:30",30,43.1679,5.54591,NA,NA,NA,NA,"43.1679","5.54591",NA,NA,NA,NA,0.2,NA,NA,"surface transect",1,"Gombessa5",NA,NA,NA,"SPY192286_beach_rock_cassis",2,"Fonds meubles circalittoraux",NA,NA,NA,NA,NA,NA,-81.22208405,-41.69917767,-30.78253365,0,0,0,0,0,0,0,0,0,0,0,0,0,0,0,0,0,0,0,0,0,0,0,0,0,0.034814105,0.19436802,0,0,0,0,0,0,0,0,0,0.005762218,0.007905996,0.017807487,2030.808741,6950.510802,0.151284277,0.24040392,0.19221954,0.2474925,24.2903614,22.88777542,19.73460579,17.69721
"SPY192315","03/07/2019","France","PACA","beach_rock_cassis","N","outside",NA,NA,"15:13",NA,"00:30",30,43.16812,5.54567,NA,NA,NA,NA,"43.16812","5.54567",NA,NA,NA,NA,0.2,NA,NA,"surface transect",1,"Gombessa5",NA,NA,NA,"SPY192315_beach_rock_cassis",2,"Fonds meubles circalittoraux",NA,NA,NA,NA,NA,NA,-80.82505798,-41.64814943,-30.78253365,0,0,0,0,0,0,0,0,0,0,0,0,0,0,0,0,0,0,0,0,0,0,0,0,0,0.034030435,0.19436802,0,0,0,0,0,0,0,0,0,0.005746672,0.00773504,0.016967233,2031.82666,3925.942496,0.151084721,0.240971267,0.193393856,0.2474925,24.28778267,22.88636398,19.73387718,17.69721
"SPY190558","08/07/2019","France","PACA","cap_lardier","N","outside",NA,NA,"09:37",NA,"00:30",30,43.15891,6.6205,NA,NA,NA,NA,"43.15891","6.6205",NA,NA,NA,NA,0.2,NA,NA,"surface transect",1,"Gombessa5",NA,NA,NA,"SPY190558_cap_lardier",7,"Biocenose de l herbier a Posidonia oceanica",0,0.057208238,4.347826087,0,84.76611208,100,-43.46716309,-14.18301803,29.80812836,0.034905471,0.318532768,0.650766432,0,0,0,0,0,0,0,0,0,0,0,0,0,0,0,0,0,0,0,0.15216616,0.604616165,0,0.042180491,0.180265069,0,8.25e-05,0.015610841,0,0,0,0,0.117355897,0.392640024,0.002958523,0.159590861,0.285950243,16.8967581,4217.079155,0.172154322,0.163795352,0.144766599,0.070149,20.77268791,23.03050423,21.62005806,18.297266
"SPY190607","08/07/2019","France","PACA","cap_lardier","N","outside",NA,NA,"08:45",NA,"00:30",30,43.15886,6.62046,NA,NA,NA,NA,"43.15886","6.62046",NA,NA,NA,NA,0.2,NA,NA,"surface transect",1,"Gombessa5",NA,NA,NA,"SPY190607_cap_lardier",7,"Biocenose de l herbier a Posidonia oceanica",0,0.057208238,4.347826087,0,84.76611208,100,-43.99533081,-14.44975868,29.80812836,0.027981339,0.315027019,0.650766432,0,0,0,0,0,0,0,0,0,0,0,0,0,0,0,0,0,0,0,0.149177429,0.604616165,0,0.042009827,0.180265069,0,8.2e-05,0.015610841,0,0,0,0,0.115414729,0.392640024,0.002958523,0.159582851,0.285950243,21.56593895,4888.937058,0.172154322,0.163793176,0.144762605,0.070149,20.77415657,23.03121758,21.62031174,18.297266
"SPY192291","08/07/2019","France","PACA","cap_lardier","N","outside",NA,NA,"08:45",NA,"00:30",30,43.15886,6.62046,NA,NA,NA,NA,"43.15886","6.62046",NA,NA,NA,NA,0.2,NA,NA,"surface transect",1,"Gombessa5",NA,NA,NA,"SPY192291_cap_lardier",7,"Biocenose de l herbier a Posidonia oceanica",0,0.057208238,4.347826087,0,84.76611208,100,-43.99533081,-14.44975868,29.80812836,0.027981339,0.315027019,0.650766432,0,0,0,0,0,0,0,0,0,0,0,0,0,0,0,0,0,0,0,0.149177429,0.604616165,0,0.042009827,0.180265069,0,8.2e-05,0.015610841,0,0,0,0,0.115414729,0.392640024,0.002958523,0.159582851,0.285950243,21.56593895,1971.81955,0.172154322,0.163793176,0.144762605,0.070149,20.77415657,23.03121758,21.62031174,18.297266
"SPY181975","11/07/2019","France","Occitanie","Banyuls","N","reserve","Rserve naturelle Cerbere-Banyuls",0,"20:14",NA,"00:30",30,42.468482,3.159341,42.461737,3.161565,42.468189,3.159618,"42.468482","3.159341",42.461737,3.161565,"42.468189","3.159618",0.2,10,"coastal","surface transect",1,"ReserveBenefits",NA,NA,NA,"SPY181975_Banyuls",7,"Biocenose des algues infralittorales",0,77.45238095,100,0,8.935613857,45.21547201,-30.21104431,-2.588564096,66.70604706,0.339055628,0.595092475,1,0,0.025769648,0.18276003,0,0,0,0,0,0,0,0.126243099,1,0,0,0,0,0,0,0,0.003674873,0.137268871,0,0.381783126,0.726502478,0,0.162457134,0.501598001,0,0.075299523,0.972249985,0,0.216555426,0.752401948,5.91e-05,0.003834889,0.008731294,168.2135688,142.1587798,0.174999923,0.249904707,0.181195438,0.1726005,23.90228844,23.93166542,20.88418388,16.959232
"SPY182168","11/07/2019","France","Occitanie","Banyuls","N","reserve","Reserve naturelle Cerbere-Banyuls",0,"19:40",NA,"00:30",30,42.468838,3.159013,42.462179,3.160954,42.468482,3.159341,"42.468838","3.159013",42.462179,3.160954,"42.468482","3.159341",0.2,10,"coastal","surface transect",1,"ReserveBenefits",NA,NA,NA,"SPY182168_Banyuls",7,"Biocenose des algues infralittorales",0,77.45238095,100,0,8.935613857,45.21547201,-29.85574913,-0.952425422,69.82656097,0.370271683,0.611663832,1,0,0.028085542,0.185447514,0,0,0,0,0,0,0,0.12941759,1,0,0,0,0,0,0,0,0.002813846,0.128963426,0,0.386643127,0.727102458,0,0.158837085,0.501598001,0,0.078194479,0.972249985,0,0.208361252,0.752401948,5.91e-05,0.003831951,0.008881011,156.6851869,4501.869907,0.174999923,0.236411408,0.181195438,0.1726005,23.90945816,23.93725777,20.88696289,16.959232
"SPY182540","11/07/2019","France","Occitanie","Banyuls","N","reserve","Reserve naturelle Cerbere-Banyuls",0,"18:45",NA,"00:30",30,42.461737,3.161565,42.467242,3.159958,42.462179,3.160954,"42.461737","3.161565",42.467242,3.159958,"42.462179","3.160954",0.2,10,"coastal","surface transect",1,"ReserveBenefits",NA,NA,NA,"SPY182540_Banyuls",7,"Biocenose des algues infralittorales",0,77.45238095,100,0,8.935613857,45.21547201,-29.01753235,-2.941581487,59.46722794,0.339055628,0.579189698,1,0,0.023110164,0.166377321,0,0,0,0,0,0,0,0.14062393,1,0,0,0,0,0,0,0,0.004092258,0.137268871,0,0.383799887,0.724936724,0,0.173401168,0.501598001,0,0.081053711,0.972249985,0,0.2397227,0.752401948,5.91e-05,0.003679103,0.007950109,160.40988,4501.869907,0.174999923,0.249904707,0.181195423,0.1726005,23.90359116,23.93140221,20.88303757,16.959232
"SPY182542","11/07/2019","France","Occitanie","Banyuls","N","reserve","Reserve naturelle Cerbere-Banyuls",0,"18:45",NA,"00:30",30,42.461737,3.161565,42.467242,3.159958,42.462179,3.160954,"42.461737","3.161565",42.467242,3.159958,"42.462179","3.160954",0.2,10,"coastal","surface transect",1,"ReserveBenefits",NA,NA,NA,"SPY182542_Banyuls",7,"Biocenose des algues infralittorales",0,77.45238095,100,0,8.935613857,45.21547201,-29.01753235,-2.941581487,59.46722794,0.339055628,0.579189698,1,0,0.023110164,0.166377321,0,0,0,0,0,0,0,0.14062393,1,0,0,0,0,0,0,0,0.004092258,0.137268871,0,0.383799887,0.724936724,0,0.173401168,0.501598001,0,0.081053711,0.972249985,0,0.2397227,0.752401948,5.91e-05,0.003679103,0.007950109,160.40988,4509.314181,0.174999923,0.249904707,0.181195423,0.1726005,23.90359116,23.93140221,20.88303757,16.959232
"SPY192282","19/07/2019","France","PACA","cap_negre","N","outside",NA,NA,"08:51",NA,"00:30",30,43.14227,6.43833,NA,NA,NA,NA,"43.14227","6.43833",NA,NA,NA,NA,0.2,NA,"coastal","surface transect",1,"Gombessa5",NA,NA,NA,"SPY192282_cap_negre",6,"Biocenose de l herbier a Posidonia oceanica",0,1.545653907,50,0,86.46890393,100,-56.82430649,-24.47391372,0,0,0,0,0,0.289473287,1,0,0,0,0,0.002902958,0.063363455,0,0.020120046,0.49856174,0,0,0,0,1.7e-05,0.001027397,0,0.143744179,0.604572833,0,0.066179397,0.700239718,0,0.302402572,0.752401948,0,0.066759261,0.234091878,0,0.351542054,0.971966326,0.002334796,0.013618232,0.023006512,50.92284221,6787.676501,0.195048094,0.145952553,0.133158222,0.073829,24.76202393,22.6979866,22.05474091,18.185978
"SPY192287","19/07/2019","France","PACA","cap_negre","N","outside",NA,NA,"08:51",NA,"00:30",30,43.14227,6.43833,NA,NA,NA,NA,"43.14227","6.43833",NA,NA,NA,NA,0.2,NA,"coastal","surface transect",1,"Gombessa5",NA,NA,NA,"SPY192287_cap_negre",6,"Biocenose de l herbier a Posidonia oceanica",0,1.545653907,50,0,86.46890393,100,-56.82430649,-24.47391372,0,0,0,0,0,0.289473287,1,0,0,0,0,0.002902958,0.063363455,0,0.020120046,0.49856174,0,0,0,0,1.7e-05,0.001027397,0,0.143744179,0.604572833,0,0.066179397,0.700239718,0,0.302402572,0.752401948,0,0.066759261,0.234091878,0,0.351542054,0.971966326,0.002334796,0.013618232,0.023006512,50.92284221,6950.510802,0.195048094,0.145952553,0.133158222,0.073829,24.76202393,22.6979866,22.05474091,18.185978
"SPY192294","19/07/2019","France","PACA","cap_negre","N","outside",NA,NA,"09:45",NA,"00:30",30,43.14227,6.43833,NA,NA,NA,NA,"43.14227","6.43833",NA,NA,NA,NA,0.2,NA,"coastal","surface transect",1,"Gombessa5",NA,NA,NA,"SPY192294_cap_negre",6,"Biocenose de l herbier a Posidonia oceanica",0,1.545653907,50,0,86.46890393,100,-56.82430649,-24.47391372,0,0,0,0,0,0.289473287,1,0,0,0,0,0.002902958,0.063363455,0,0.020120046,0.49856174,0,0,0,0,1.7e-05,0.001027397,0,0.143744179,0.604572833,0,0.066179397,0.700239718,0,0.302402572,0.752401948,0,0.066759261,0.234091878,0,0.351542054,0.971966326,0.002334796,0.013618232,0.023006512,50.92284221,1971.81955,0.195048094,0.145952553,0.133158222,0.073829,24.76202393,22.6979866,22.05474091,18.185978
"SPY200462","16/07/2020","France","Occitanie","banyuls","N","reserve","Reserve naturelle Cerbere-Banyuls",0,"13:22",NA,"00:30",30,42.46159,3.16168,42.46823,3.16016,42.4623,3.161015,"42.46159","3.16168",42.46823,3.16016,"42.4623","3.161015",0.2,9,"coastal","surface transect",1,"eRef",NA,NA,NA,"SPY200462_banyuls",7,"Biocenose des algues infralittorales",0,77.45238095,100,0,8.935613857,45.21547201,-31.40116119,-4.867957428,55.84782028,0.327646494,0.58159014,1,0,0.022912099,0.168242022,0,0,0,0,0,0,0,0.12369638,1,0,0,0,0,0,0,0,0.003838796,0.137567267,0,0.36674345,0.725702465,0,0.158977691,0.501598001,0,0.072388602,0.972249985,0,0.215432929,0.752401948,5.91e-05,0.003948522,0.008646349,189.8980375,4955.955861,NA,0.157817841,0.179103017,0.1726005,20.24574661,21.35003281,20.59739304,16.959232
"SPY200472","16/07/2020","France","Occitanie","banyuls","N","reserve","Reserve naturelle Cerbere-Banyuls",0,"14:12",NA,"00:30",30,42.46131,3.161523,42.468,3.159973,42.46332,3.160805,"42.46131","3.161523",42.468,3.159973,"42.46332","3.160805",0.2,8.5,"coastal","surface transect",1,"eRef",NA,NA,NA,"SPY200472_banyuls",7,"Biocenose des algues infralittorales",0,77.45238095,100,0,8.935613857,45.21547201,-30.66904068,-3.590449889,59.46722794,0.327646494,0.583821485,1,0,0.023620082,0.168242022,0,0,0,0,0,0,0,0.128785492,1,0,0,0,0,0,0,0,0.004091424,0.141477332,0,0.377856165,0.725702465,0,0.165176653,0.501598001,0,0.075321235,0.972249985,0,0.223691746,0.752401948,5.91e-05,0.00383684,0.008458373,168.8516,699.7741296,NA,0.157817841,0.179103002,0.1726005,20.24983406,21.35258102,20.59958267,16.959232
"SPY200476","16/07/2020","France","Occitanie","banyuls","N","reserve","Reserve naturelle Cerbere-Banyuls",0,"14:12",NA,"00:30",30,42.46131,3.161523,42.468,3.159973,42.46332,3.160805,"42.46131","3.161523",42.468,3.159973,"42.46332","3.160805",0.2,8.5,"coastal","surface transect",1,"eRef",NA,NA,NA,"SPY200476_banyuls",7,"Biocenose des algues infralittorales",0,77.45238095,100,0,8.935613857,45.21547201,-30.66904068,-3.590449889,59.46722794,0.327646494,0.583821485,1,0,0.023620082,0.168242022,0,0,0,0,0,0,0,0.128785492,1,0,0,0,0,0,0,0,0.004091424,0.141477332,0,0.377856165,0.725702465,0,0.165176653,0.501598001,0,0.075321235,0.972249985,0,0.223691746,0.752401948,5.91e-05,0.00383684,0.008458373,168.8516,1318.890509,NA,0.157817841,0.179103002,0.1726005,20.24983406,21.35258102,20.59958267,16.959232
"SPY201154","16/07/2020","France","Occitanie","banyuls","N","reserve","Reserve naturelle Cerbere-Banyuls",0,"13:22",NA,"00:30",30,42.46159,3.16168,42.46823,3.16016,42.4623,3.161015,"42.46159","3.16168",42.46823,3.16016,"42.4623","3.161015",0.2,9,"coastal","surface transect",1,"eRef",NA,NA,NA,"SPY201154_banyuls",7,"Biocenose des algues infralittorales",0,77.45238095,100,0,8.935613857,45.21547201,-31.40116119,-4.867957428,55.84782028,0.327646494,0.58159014,1,0,0.022912099,0.168242022,0,0,0,0,0,0,0,0.12369638,1,0,0,0,0,0,0,0,0.003838796,0.137567267,0,0.36674345,0.725702465,0,0.158977691,0.501598001,0,0.072388602,0.972249985,0,0.215432929,0.752401948,5.91e-05,0.003948522,0.008646349,189.8980375,3044.438025,NA,0.157817841,0.179103017,0.1726005,20.24574661,21.35003281,20.59739304,16.959232
